﻿정답,유사답안,출제연도,문제소분류,문제대분류,문제,비고
반정규화,,2020년 1회,데이터베이스,데이터 입출력 구현,"정규화된 엔티티, 속성, 관계에 대해 시스템의 성능향상과 개발(Development)과 운영(Maintanance)의 단순화를 위해 중복, 통합, 분리 등을 수행하는 데이터 모델링의 기법","둘 이상의 릴레이션들에 대하여 조인한 결과를 빈번하게 이용하는 경우, 반정규화 함으로써 질의응답 시간이 단축될 수 있다."
XML,,2020년 1회,프로그래밍언어,통합 구현,"HTML의 단점을 보완한 언어로, SGML의 복잡한 단점을 개선한 다목적 마크업 언어이다. 웹상에서 구조화된 문서를  상호교환 가능하도록 설계된 웹 표준 문서 포맷으로 메타 데이터 정의가 명확하다. 사용자가 새로운 태그와 속성을 정의할 수 있는 확장성을 가진다. 유니코드를 사용하여 전 세계의 모든 문자를 처리 가능하며 장치와 시스템에 독립적이다.",
살충제 패러독스,,2020년 1회,패러다임,서버프로그램 구현,동일한 테스트 게이스로 동일한 절차를 반복 수행하면 새로운 결함을 찾을 수 없다는 것을 의미한다. 잠재된 수많은 결함을 발견하기 위해서는 테스트 케이스를 정기적으로 개선하는 것이 필요하다는 원리이다.,같은 테스트케이스를 가지고 테스트를 계속해서 반복하면 내성으로 인해 결국은 버그가 발견되지 않는다. 이러한 현상을 방지하기 위해서는 테스터가 적극적 자세를 가지고 지속적으로 테스트케이스를 검토하고 개선해야한다. 
"결합도, 응집도",,2020년 1회,모듈,서버프로그램 구현,"모듈화를 중심으로 하는 소프트웨어 설계 방법에서는 모듈의 독립성을 높게 해주는 것이 좋은 설계 방향이다. 모듈의 독립성을 높여주기 위해서는 각 모듈 간의 관련성을 나타내는 (1)은 낮추고, 모듈 안의 요소들이 서로 관련되어 있는 정도를 나타내는 (2)는 높이는 것이 가장 바람직하다.",
JSON,,2020년 1회,프로그래밍언어,인터페이스 구현,"( )는 데이터를 저장하거나 전송할 때 많이 사용되는 경량의 DATA 교환 방식이다. ( ) 표현식은 사람과 기계 모두 이해하기 쉬우며 소용량으로 최근에 XML을 대체해서 데이터 전송 등에 많이 사용한다. Ajax에서 서버와 통신하며 데이터 교환을 쉽게 하기 위해 ( )을 데이터 전송형식으로 많이 사용한다. ( )의 문법은 key와 value가 쌍으로 존재하며 태그로 표현하기 보다는 중괄호 같은 형식으로 하고, 값을 ‘,’로 나열하기에 그 표현이 간단하다.",
"처리량, 응답 시간, 경과 시간",,2020년 1회,애플리케이션 성능,애플리케이션 테스트 관리,"(1)은 애플리케이션이 주어진 시간에 처리할 수 있는 트랜잭션의 수로, 웹 애플리케이션의 경우 시간당 페이지 수로 표현하기도 한다. (2)는 사용자 입력이 끝난 후 , 애플리케이션의 응답 출력이 개시될 때까지의 시간으로, 웹 애플리케이션의 경우 메뉴 클릭 시 해당 메뉴가 나타나기까지 걸리는 시간을 말한다. (3)은 애플리케이션에 사용자가 요구를 입력한 시점부터 트랜잭션 처리 후 그 결과의 출력이 완료 할 때까지 걸리는 시간을 말한다. 자원 사용율은 애플리케이션이 트랜잭션 처리하는 동안 사용하는 CPU 사용량, 메모리 사용량, 네트워크 사용량을 말한다.","애플리케이션 성능이란 사용자의 요구 기능을 해당 애플리케이션이 최소의 자원을 사용하면서 얼마나 빨리, 많은 기능을 수행하는가를 육안 또는 도구를 통하여 점검하는 것을 말한다. 이를 측정하기 위한 지표는 (1), (2), (3), 자원 사용율이 있다."
랜드 어택,,2020년 1회,네트워크 공격 유형,소프트웨어 개발 보안 구축,"( )은 네트워크 패킷의 출발지 IP를 변조하여 공격 대상의 자원을 소모시키는 공격으로 기밀성과 가용성을 침해하는 공격 유형이다.

주로 3-Way-Handshaking의 연결 지향적 특징을 가지는 서비스에서 발생된다.

( )은 출발지 IP 주소와 도착지 IP 주소가 동일한 특징이 있어 네트워크 모니터링 도구인 와이어샤크의 컨버세션(Conversations)기능을 통해 동일 IP 주소 간에 통신 여부를 체크하는 방법으로 공격 여부를 확인할 수 있다. 해당 패킷의 출발지와 도착지의 IP주소가 동일한 패킷을 기본적으로 차단하여 ( )을 막을 수 있다.",
"구문, 의미, 타이밍",,2020년 1회,프로토콜,응용 SW 기초 기술 활용,통신 프로토콜(Communication Protocol)은 컴퓨터나 원거리 통신 장비 사이에서 메시지를 주고받는 양식과 규칙의 체계이다. 통신 프로토콜을 구성하는 기본 요소 3가지를 쓰시오.,
HRN,,2020년 1회,스케줄링,응용 SW 기초 기술 활용,운영체제의 비선점 프로세스 스케줄링기법 중 하나로 어떤 작업이 서비스받을 시간과 그 작업이 서비스를 기다린 시간으로 결정되는 우선순위에 따라 CPU를 할당하는 기법이다.,우선순위 계산식 = (대기시간 + 서비스시간) / 서비스시간
"원자성, 독립성",,2020년 1회,트랜잭션,응용 SW 기초 기술 활용,"(1) : 트랜잭션의 가장 기본적인 특성으로 트랜잭션 내의 연산은 반드시 모두 수행되어야하며 그렇지 못한 경우 모두 수행되지 않아야 함.
일관성 : 트랜잭션이 정상적으로 완료된 후 언제나 일관성 있는 데이터베이스 상태가 되어야 하며, 결과에 모순이 생겨서는 안 됨
(2) : 하나의 트랜잭션이 수행 중에는 다른 트랜잭션이 접근할 수 없고 각각의 트랜잭션은 독립적이어야 함
영속성 : 지속성이라고도 하며, 트랜잭션이 성공적으로 완료된 후 결과는 지속적으로 유지되어야 함",
물리 계층,,2020년 1회,OSI 7,응용 SW 기초 기술 활용,"OSI 7 참조 모델 중 두 장비 간의 전송을 위한 연결이나 전달 등의 인터페이스의 기계적, 전기적, 절차적 특성을 정의하며 비트를 물리적인 매체를 통해 전송하는 계층을 쓰시오.",
헤더,,2020년 1회,IT 용어,제품소프트웨어 패키징,"릴리즈 노트(Relese Note)는 고객 편의성을 고려하여 조직의 최종 사용자인 고객과 잘 정리된 릴리즈 정보를 공유하는 문서이다. 릴리즈 노트의 내용으로는 보통 특정 소프트웨어 릴리즈의 최근 변경 사항, 개선 사항 및 버그 수정을 간결히 요약되어 있다. 릴리즈 노트 작성 항목 중 문서 이름(릴리스 노트 이름), 제품 이름, 버전 번호, 릴리즈 날짜, 참고 날짜, 노트 버전 등을 기술하는 작성항목이 무엇인지 쓰시오. ",
데이터 마이닝,,2020년 1회,IT 용어,정보처리 실무 일반(기타),"대량의 데이터에서 실제로 존재하지 않는 정보를 얻어내기 위해 각 데이터의 상관관계를 통계적 분석, 인공지능 기법 등을 통해 통계적 규칙(Rule)이나 패턴(Pattern)을 찾아내는 것이다.",
MD5,,2020년 1회,알고리즘,정보처리 실무 일반(기타),입력 데이터로부터 128비트의 축약 메시지인 해시 값을 생성하는 해시 함수로 주로 프로그램이나 파일이 원본 그대로인지를 확인하는 무결성 검사 용도로 많이 쓰이고 있다. 1990년 R. Rivert가 MD4를 일방향 해시함수로 개선한 알고리즘이 무엇인지 쓰시오.,
애자일,,2020년 2회,SW 개발방법론,요구사항 확인,"( )은 작업 계획을 짧은 단위로 세우고 시제품을 만들어 나가는 사이클을 반복함으로써 고객의 요구 변화에 유연하고도 신속하게 대응하는 개발 방법론이다. 이와 반대되는 개념이 전통적 개발 방법론이라 할 ‘워터폴(Waterfall) 방식’이다.
( )은 소프트웨어 개발에 국한되지 않고 조직과 사업 등 기업경영 전반으로 사용 범위가 확산되고 있다.
( )은 짧은 개발 주기를 가지고 프로젝트 계획 수립과 진행에 있어서 최초의 프로젝트 일정 계획에 매이지 않고 고객 중심으로 계획을 융통성 있게 변경한다. 단계별 문서 산출물 확인보다는 해당 소프트웨어 코딩이 제대로 동작하는지(code-oriented) 고객에게 확인하는 과정을 꾸준히 진행한다.
( )은 프로젝트 진행 도중에 일부 결과물인 시제품을 고객에게 지속적이며 반복적으로 제공한다. 고객의 요구사항이 정확하게 반영되고 있는지 수시로 점검하게 된다.",
"개념적 설계, 논리적 설계, 물리적 설계",,2020년 2회,데이터베이스,데이터 입출력 구현,"다음은 데이터베이스 설계의 순서이다. 빈 칸 ( )에 부합하는 용어를 보기에서 골라 순서대로 쓰시오.
요구사항 분석 → (1) → (2) → (3) → 구현",
SOAP,,2020년 2회,프로토콜,통합 구현,"HTTP, HTTPS, SMTP 등을 사용하여 XML 기반의 메시지를 컴퓨터 네트워크 상에서 교환하는 형태의 프로토콜로써 Enveloper, Header, Body의 주요 3요소로 구성된 간접 연계 방식의 웹서비스의 기본적인 메시지 전송 수단을 의미하는 용어를 쓰시오.",
형상 관리,,2020년 2회,IT 용어,서버프로그램 구현,"소프트웨어 개발 과정에서 변경에 대비하기 위한 소프트웨어 ( )은 반드시 필요하다. ( )은 소프트웨어 품질 보증을 위한 주요한 요소이며, 주 임무는 변경의 통제이다. 소프트웨어 ( )란 소프트웨어 개발 과정에서 발생하는 산출물의 변경 사항을 관리하기 위한 일련의 활동을 말한다. 소프트웨어 리사이클 기간 동안 개발 되는 제품의 무결성을 유지하고 소프트웨어의 식별, 편성 및 수정을 통제하는 프로세스를 제공한다. 실수의 최소화와 생산성의 최대화가 ( )의 궁극적인 목표라고 할 수 있다. 대표적인 ( )도구로는 CVS, Subversion, Clear Case 등이 있다.",
AJAX,,2020년 2회, 웹 개발 기법,인터페이스 구현,"‘비동시식 자바스크립트 XML’을 의미하는 용어로 클라이언트와 웹서버 간에 XML 데이터를 내부적으로 통신하는 대화식 웹 애플리케이션의 제작을 위해 사용된다. 클라이언트의 요청에 의해 웹 서버에서 로딩된 데이터를 웹 브라우저의 페이지에 보여주기 위해 웹 페이지 전체를 ‘새로고침’할 필요 없이 즉, 새로운 HTML 페이지로 이동할 필요 없이 현재 페이지에서 필요한 일부분만 로딩되도록 하는 웹 개발 기법을 의미하는 용어를 영문 약자로 쓰시오.",
유효성,,2020년 2회,UI 설계 원칙,화면 설계,"UI(User Interface)는 사용자와 컴퓨터 상호 간의 소통을 원활히 할 수 있도록 도와주는 연계 작업을 뜻한다. 다음은 UI의 설계 원칙 4가지이다. 빈칸 괄호 ( ) 에 알맞은 용어를 쓰시오.

직관성 : 누구나 쉽게 이해하고 사용할 수 있어야 한다.
( ) : 사용자의 목적을 정확하게 달성하여야 한다.
학습성 : 누구나 쉽게 배우고 익힐 수 있어야 한다.
유연성 : 사용자의 요구사항을 최대한 수용하며, 오류를 최소화하여야 한다.",
정적 분석,,2020년 2회,테스트 기법,애플리케이션 테스트 관리,"테스트 자동화 도구는 휴먼 에러(Human Error)를 줄이고, 테스트에 소요되는 비용과 시간을 절감하며, 테스트 품질을 향상할 수 있는 도구이다. 테스트 계획, 테스트 분석/설계, 테스트 수행, 테스트 통제 등의 테스트 활동 단계에 따라 다양한 테스트 도구들이 있다.
( )는 테스트 수행 단계의 자동화 도구로 만들어진 애플리케이션을 실행하지 않고 분석하는 방법이다. ( )은 대부분의 경우 소스 코드에 대한 코딩 표준, 런타임 오류, 코딩 스타일, 코드 복잡도 및 남은 결함을 발견하기 위하여 사용한다. ( )은 테스트를 수행하는 사람이 작성된 소스 코드에 대한 이해를 바탕으로 도구를 이용해서 분석하는 것을 말한다.",
SQL 인젝션,,2020년 2회,보안,소프트웨어 개발 보안 구축,"( )은 클라이언트(사용자)의 입력값 등 외부 입력값이 SQL쿼리에 삽입되어 공격하는 것을 의미한다.
( )은 공격자가 악의적으로 웹 사이트의 보안상 허점을 이용해 특정 SQL 질의문을 전송하여 공격자가 원하는 데이터베이스의 중요한 정보를 가져오는 공격 기법이다.",
ROLLBACK,,2020년 2회,데이터베이스,응용 SW 기초 기술 활용,"SQL 제어어는 관리자가 데이터의 보안, 무결성 유지, 병행제어, 회복 등을 하기 위해 사용하는 언어를 말한다.
이 중 ( ) 명령어는 데이터베이스 내의 연산이 비정상적으로 종료되거나 정상적으로 수행이 되었다 하더라도 수행되기 이전 상태로 되돌리기 위해 연산 내용을 취소할 때 사용한다.
트랜잭션을 취소시키는 명령어로 메모리의 내용을 하드디스크에 저장하지 않고 버린다.",
IPSec,,2020년 2회,보안,응용 SW 기초 기술 활용,"네트워크 계층(network layer, 3계층)인 IP 계층에서 IP 패킷 단위로 ‘암호화’, ‘인증’, ‘키 관리’를 통해 보안성을 제공해주는 표준화된 기술을 무엇이라 하는지 쓰시오.",
안드로이드,,2020년 2회,운영체제,응용 SW 기초 기술 활용,리눅스 커널을 기반으로 동작하며 자바와 코틀린 언어로 개발된 핸드폰이나 소형기기에 사용되는 오픈소스 플랫폼인 모바일 운영체제가 무엇인지 쓰시오.,
목표 복구 시간,"RTO, Recovery Time Objective, 복구 목표 시간",2020년 2회,IT 용어,정보처리 실무 일반(기타),"데이터 백업(보호) 솔루션은 만일의 사대에 대비하여 시스템 내의 데이터 유실을 방지하고, 서비스의 연속성을 보장하는 목적을 가지고 어떤 상황에서도 계획된 ( )과 목표 복구 시점(RPO)을 보장해야 할 수 있는 제품이어야한다. ( )은 시스템 장애와 같은 상황에서의 “비상 사태 또는 업무중단 시점부터 업무가 복구되어 다시 정상가동 될 때까지의 시간”을 의미하는 용어이다. ROP는 조직에서 발생한 여러 가지 재난 상황으로 IT 시스템이 마비되었을 때 각 업무에 필요한 데이터를 여러 백업 수단을 활용하여 복구할 수 있는 기준점을 의미한다.",
Observer,Observer Pattern,2020년 2회,디자인 패턴,정보처리 실무 일반(기타),"디자인 패턴 중 ( )은 행위 패턴에 해당하며 1대 다(one-to-many)의 객체 의존관계를 정의한 것으로 한 객체가 상태를 변화시켰을 때, 의존관계에 있는 다른 객체들에게 자동으로 통지 알림이 전달되고 변경시킨다.
( )의 객체 간의 데이터 전달 방식은 푸시 방식과 풀 방식이 있으며, 기본적인 디자인의 원칙은 상호 작용하는 객체 사이에서는 가능하면 결합도를 느슨하게 디자인하여 사용해야 한다. 이는 느슨하게 결합(Loose coupling)하는 디자인을 사용하면 변경 사항이 생겨도 무난히 처리할 수 있는 유연한 객체지향 시스템을 구축할 수 있기 때문이다.",
Linked Open Data,,2020년 2회,신기술 동향,정보처리 실무 일반(기타),"웹 상에 존재하는 전세계 오픈된 정보를 하나로 묶는 RESTful한 방식이며, 링크 기능이 강조된 시맨틱 웹(Semantic Web)의 모형에 속한다고 볼 수 있다. 즉,( )은 “시맨틱 웹을 실현시키기 위한 방법이자 기술적 접근점”으로 볼 수 있다.
( )은 Linked Data와 Open Data의 합성어이다. Linked Data가 정보 기술적인 면이 강한 반면 Open Data는 정보 문화적인 면이 강한 용어이다.",
형상 통제,,2020년 3회,IT 용어,서버프로그램 구현,"( )은 형상에 대한 변경 요청이 있을 경우 변경 여부와 변경 활동을 통제하는 것을 말한다.
( )는 형상 목록의 변경 요구를 검토 및 승인하여 현재의 소프트웨어 기준선에 반영될 수 있도록 통제하는 일련의 과정을 말한다.
변경된 요구사항에 대한 타당성을 검토하여 변경을 실행(변경 관리)하고, 그에 따라 변경된 산출물에 대한 버전관리를 수행하는 것이 ( )의 주요 활동이다.
( )은 소프트웨어 형상변경 요청을 검토 승인하여 현재의 베이스라인(Baseline)에 반영될 수 있도록 통제하는 것을 의미한다.",
직관성,,2020년 3회,UI 설계 원칙,화면 설계,"다음 설명에 맞는 UI의 설계 원칙은 무엇인지 쓰시오.

설계 구조를 누구나 쉽게 이해하고 사용할 수 있어야 한다. 
사용자가 한눈에 기능을 쉽게 파악할 수 있도록 해야한다.",
블랙박스 테스트,Black-box test,2020년 3회,테스트 기법,애플리케이션 테스트 관리,"소프트웨어 테스트 기법 중 프로그램의 외부 사용자 요구사항 명세를 보면서 테스트를 수행하며 주로 구현된 기능을 테스트한다. 명세 기반 테스트라고도 하며, 동치 분할 테스트, 경계 값 테스트 등과 같이 내부 구조를 보이지 않는 테스트 기법에 해당하는 용어를 쓰시오.",
생성자,Constructor,2020년 3회,프로그래밍언어,프로그래밍 언어 활용,객체 생성시 자동으로 호출되는 메소드로 멤버를 초기화하는 목적으로 주로 사용된다.,
스키마,Schema,2020년 3회,데이터베이스,응용 SW 기초 기술 활용,"( )는 데이터베이스의 전체적인 구조와 제약조건에 대한 명세를 기술, 정의한 것을 말하며, 스킴(Scheme) 이라고도 한다.",
÷,,2020년 3회,데이터베이스,응용 SW 기초 기술 활용,릴레이션 A에서 릴레이션 B의 모든 조건을 만족하는 튜플을 제외한 후 프로젝션하는 연산자,연산을 쓰라고 할 경우 디비젼 또는 DIVISON도 가능하다.
OSPF,,2020년 3회,프로토콜,응용 SW 기초 기술 활용,대규모 네트워크를 안정되게 운영할 수 있는 표준 라우팅 프로토콜로 최적의 경로를 계산할 때 SPF(Shorest path First) 또는 다익스트라(dijkstra) 알고리즘을 이용하여 각 목적지까지의 최적 경로를 계산하는 동적 라우팅 프로토콜로 링크 상태 라우팅 프로토콜을 무엇이라고 하는지 영문 약자로 쓰시오.,
ICMP,,2020년 3회,프로토콜,응용 SW 기초 기술 활용,TCP/IP에서 신뢰성 없는 비 연결형 프로토콜인 IP를 대신하여 송신 측으로 네트워크의 IP 상태 및 에러 메시지를 전달해주는 프로토콜을 무엇이라고 하는지 영문 약어로 쓰시오.,
헝가리안 표기법,,2020년 3회,IT 용어,정보처리 실무 일반(기타),"컴퓨터 프로그래밍의 변수명, 함수명 등의 식별자 이름을 작성할 때 데이터 타입의 정보를 이름 접두어로 지정하는 코딩의 규칙이다.

예를 들어 인덱스 역할을 하는 int형 변수명을 inum으로 문자열 변수명을 strName으로 이름을 지정하는 표기법이다.",
프로토콜,,2020년 3회,프로토콜,정보처리 실무 일반(기타),"( )의 본래 의미는 외교 분야에서의 의례 또는 의정서를 의미하는 용어였다. 심리학자 톰 마릴은 컴퓨터가 메시지를 전달하고, 메시지가 제대로 도착했는지 확인하며, 도착하지 않았을 경우 메시지를 재전송하는 일련의 방법을 가리켜 ‘기술적 은어’라는 뜻으로 ( )라 불렀다.",
행위,,2020년 4회,디자인 패턴,요구사항 확인,"goF의 디자인 패턴은 생성, 구조, ( )가 있다. 생성 패턴은 객체의 생성에 관련된 패턴이고 구조 패턴은 클래스나 객체를 조합해 더 큰 구조를 만드는 패턴이며 ( ) 패턴은 클래스 사이의 알고리즘이나 책임 분배에 관련된 패턴이다.",
패키지 다이어그램,,2020년 4회,다이어그램,요구사항 확인,탭이 달린 폴더 안에 요소들을 집어넣어 표현하는 다이어그램으로 컴포넌트 구조 사이의 관계를 표현하며 요소들을 그룹으로 조직하기 위한 매커니즘의 UML 다이어그램이 무엇인지 쓰시오.,
샘플링 오라클,,2020년 4회,테스트 기법,애플리케이션 테스트 관리,"테스트 오라클의 유형 중 전수 테스트가 불가한 경우 특정한 몇 개의 입력값에 대해서만 기대하는 결과를 제공해 주는 오라클로 경계값, 구간별 예상값 결과 작성시 사용하는 오라클을 무엇이라 하는지 쓰시오.",
동치분할 테스트,"동등분할 테스트, 등가분할 테스트",2020년 4회,테스트 기법,애플리케이션 테스트 관리,"명세기반 테스트의 기법 중 프로그램의 입력 조건에 중점을 두고, 어느 하나의 입력 조건에 대하여 타당한 값과 그렇지 못한 값을 설정하여 해당 입력 자료에 맞는 결과가 출력되는지 확인하고 테스트하는 기법이다. 적용한 테스트 기법을 무엇이라 하는지 쓰시오.",
스니핑,,2020년 4회,보안,소프트웨어 개발 보안 구축,( )은 네트워크상에 통과하는 패킷들의 내용을 엿보는 행위이다. 이처럼 패킷을 엿봄으로써 로그인 과정 중의 계정명과 패스워드 정보를 비롯하여 주요 내용을 불법으로 추출할 수 있다.,
"삽입이상, 삭제이상, 갱신이상",,2020년 4회,데이터베이스,응용 SW 기초 기술 활용,데이터베이스에서 릴레이션을 처리하는데 여러 문제를 초래하는 이상 현상 3가지를 쓰시오.,
즉시 갱신,,2020년 4회,트랜잭션,응용 SW 기초 기술 활용,"데이터 회복 기법은 트랜잭션들을 수행하는 도중 장애로 인해 손상된 데이터베이스를 손상되기 이전의 정상적인 상태로 복구시키는 작업을 말한다.
다양한 데이터 회복 기법 중 ( ) 회복 기법은 로그를 이용한 회복 기법으로 데이터베이스에 대한 갱신 로그를 저장함으로서 회복에 대비한다. 일반적으로 데이터베이스와 로그의 동시 손상을 대비하여 별도의 용 디스크에 로그를 저장할 수 있다.
( ) 회복 기법은 트랜잭션이 실행(활동) 상태에서 변경되는 내용을 그때그때 바로 데이터베이스에 적용하는 기법이다. 변경되는 모든 내용은 로그(Log)에 기록하여 장애 발생 시 로그(Log)의 내용을 토대로 회복시킨다.
( ) 회복 기법은 장애가 발생하면 로그 파일에 기록된 내용을 참조하여, 장애 발생 시점에 따라 Redo나 Undo를 실행하여 데이터베이스를 복구한다.",
IPv6,,2020년 4회,IP,응용 SW 기초 기술 활용,"IETF(Internet Engineering Task Force)에서 IP Address의 부족과 Mobile IP Address 구현 문제를 해결 방안으로 만들어진 IPv4를 보완하는 차세대 IP Address 주소 체계이다. 주소 유형은 유니캐스트, 멀티캐스트, 애니캐스트 3가지이며, 주소의 길이는 128bit이고 8개 그룹으로 배열되며 각 그룹은 16비트이다. 각 그룹은 4개의 16진수로 표현되며 그룹 간은 콜론(:)으로 구분된다. 패킷 전송 시 멀티캐스트를 사용한다. ",
UNIX,,2020년 4회,운영체제,응용 SW 기초 기술 활용,"1960년대 말 벨 연구소(Bell Labs)에서 개발된 운영체제로 다중 사용자, 멀티 태스킹 운영체제이다.
이식성이 높으며 대화식 운영체제로 서버 운영에 필수적인 CLI 인터페이스가 강력하다.
C언어라는 고급 프로그래밍 언어로 커널까지 대부분 작성된 운영체제이다.
파일 생성, 삭제, 보호 기능을 가지며, 디렉터리 구조는 계층적 트리 구조 형태이다.",
Hadoop,,2020년 4회,프레임워크,응용 SW 기초 기술 활용,"PC처럼 가격이 싼 컴퓨팅 서버들과 저장장치들을 활용하여 가상화된 거대한 저장장치를 형성하고 그 안에 빅데이터(Big Data)를 상대적으로 쉽게 저장하고 활용하여 처리할 수 있도록 한 분산 파일 시스템이다.
2004년 미국 프로그래머 더그 컷팅이 방대한 데이터를 처리하기 위하여 구글의 맵리듀스(MapReduce) 등을 활용해 이를 개발하였다.",
Block Chain,,2020년 4회,신기술 동향,응용 SW 기초 기술 활용,오픈소스 분산 컴퓨팅 기술로 분산처리와 암호화 기술을 동시에 적용한 분산 데이터베이스(Distributed Ledger)의 한 형태이다. 가상화폐의 거래 정보를 기록한 원장인 ‘블록’이라고 하는 소규모 데이터들이 특정 기관의 중앙 서버에서 공동으로 기록 관리하지 않고 P2P 방식을 기반으로 생성된 체인 형태의 연결고리 기반 분산 데이터 저장 환경에 저장하여 누구라도 임의로 수정할 수 없고 누구나 변경의 결과를 열람할 수 있는 기술이다. ,
NAT,,2020년 4회,보안,응용 SW 기초 기술 활용,"우리나라 말로 번역하면 ‘네트워크 주소 변환’으로 내부에서 사용하는 사설 IP 주소와 외부로 보여지는 공인 IP 주소 간의 IP Address 변환 방식을 말한다. 한정된 하나의 공인 IP를 여러 개의 내부 사설 IP로 변환하여 사용하기 위한 기술이며, 내부 네트워크 주소의 보안을 위해 사용하는 방법 중 하나이다.",
"물리, 개념, 논리",,2021년 1회,데이터베이스,데이터 입출력 구현,"(1) 데이터 모델링은 특정 DBMS에 의존하는 데이터형식, 제약조건, 뷰, 인덱스 등을 설정하는 작업으로 결과물로는 테이블 정의서, 제약조건 리스트, 인덱스 명세서 등이 있다.
(2) 데이터 모델링은 업무의 대상이 대상이 되는 실제 데이터에 대해서 서로의 상관관계를 파악하는 작업으로 이를 통한 대표적인 결과물로는 ERD(Entity Relation Diagram)이 있다.
(3) 데이터 모델링은 DBMS의 유형에 맞추어 DBMS에 저장될 데이터의 골격(스키마)를 만드는 작업으로 이를 통해 함수종 속성 파악, 논리적 스키마(릴레이션 구조) 등의 결과를 얻을 수 있다.",
반정규화,"비정규화, 역정규화, De-normalization",2021년 1회,데이터베이스,데이터 입출력 구현,"( )은 시스템의 성능 향상과 개발(Development)과 운영(Maintenance)의 단순화를 위해 중복, 통합, 분리 등을 수행하는 데이터 모델링의 기법을 의미한다.
( )이란 DB의 성능 향상을 목적으로 정규화를 통해 분할된 테이블을 다시 합치는 과정을 의미한다.
( )은 중복성의 원리를 활용하여 데이터 조회 시 성능을 향상시키는 역할을 할 수 있다.",
EAI,,2021년 1회,IT 용어,통합 구현,"기업 내부에서 운영되는 각종 플랫폼 및 애플리케이션 간의 상호 정보 전달, 연계, 통합을 가능하세 해주는 솔루션이다. Point to Point, Hub&Spoke, Message Bus 등의 데이터 연계 방식을 갖는 소프트웨어 및 정보시스템 아키텍처 프레임워크를 무엇이라 하는지 쓰시오.",
WSDL,,2021년 1회,IT 용어,통합 구현,"웹 서비스에서 웹 서비스명, 서비스 제공 위치, 서비스 메시지 포맷, 프로토콜 정보 등에 대한 상세 정보를 기술한 파일로 XML로 기술된 웹 서비스 기술 언어 또는 기술된 정의 파일의 총칭을 무엇이라 하는지 쓰시오.",
"내용 결합도, 스탬프 결합도, 공통 결합도 ",,2021년 1회,모듈,서버프로그램 구현,"(1) 한 모듈이 다른 모듈 내부에 있는 지역 변수나 기능을 사용(참조 또는 수정)하는 경우의 결합도
(2) 모듈 간의 인터페이스로 배열이나 오브젝트(Object), 스트럭처(Structure)이 전달되는 경우의 결합도
(3) 파라미터가 아닌 모듈 밖에 선언되어 있는 전역 변수를 참조하고 전역 변수를 갱신하는 식으로 상호 작용하는 경우의 결합도",
경계값 분석,Boundary Value Analysis,2021년 1회,테스트 기법,애플리케이션 테스트 관리,( )은 입력의 경계값에서 발생하는 오류를 제거하기 위한 검사 기법으로 등가분할의 경계부분의 입력값에서 결함이 발견될 확률이 높다는 가정으로 테스트하는 기법이다.,
동치 분할 검사,"동치 분할, 동등 분할, Equivalence Partitioning Testing",2021년 1회,테스트 기법,애플리케이션 테스트 관리,"( )은 검사 사례 설계를 프로그램의 입력 명세 조건에 따라 설정한다. 즉, 검사 사례는 일반적으로 입력 데이터에 해당하므로 프로그램의 입력 조건에 중점을 두고, 어느 하나의 입력 조건에 대하여 타당한 값(유효 값)과 그렇지 못한 값을 설정한다.",
"단위테스트, 통합테스트",,2021년 1회,테스트 기법,애플리케이션 테스트 관리,"(1) 은 ‘모듈 테스트’라고도하며, 작은 소프트웨어 단위(컴포넌트 또는 모듈)를 개별 테스트하는 것으로서, 일반적으로 개발자 자신에 의해 행해진다. 과거에는 시간 부족을 이유로 생략되었으나 최근에는 개발 도구의 발전으로 개발 과정 중에 자동으로 진행된다. (1)은 아주 중요한 부분이므로 개발 도구에서 지원하지 않아도 반드시 수행해야한다.
(2)은 컴포넌트 간 인터페이스 테스트를 하고 운영체제(OS), 파일 시스템, 하드웨어 또는 시스템 간 인터페이스와 같은 각각 다른 부분과 상호연동이 정상적으로 작동하는지 여부를 테스트한다.",
DAC,"임의적 접근통제, 임의 접근통제",2021년 1회,보안,소프트웨어 개발 보안 구축,"접근통제 모델 중 정보의 소유자가 정보의 보안 수준을 결정하고 이에 대한 정보의 접근 통제까지 설정하는 모델이다.
주체 또는 소속 그룹의 아이디(ID)에 근거하여 소유자가 자신의 의지대로 데이터에 대한 접근 권한을 지정하고 제어하는 방식이다.
객체별로 세분된 접근제어가 가능하며 유연한 접근제어 서비스를 제공할 수 있다.
대부분의 운영체제에서 지원이 되어 다양한 환경에서 폭넓게 사용되고 있다.",
"연산, 구조",,2021년 1회,데이터베이스,응용 SW 기초 기술 활용,"데이터 모델은 현실 세계의 정보를 컴퓨터 세계의 환경에 맞게 표현하기 위해 단순화 추상화하여 체계적으로 표현한 개념적인 도구이다.
데이터 모델은 일반적으로 다음의 3가지 구성 요소를 포함하고 있다.
(1)은 데이터 모델의 구성 요소 중 데이터베이스에 표현된 개체 인스턴스를 처리하는 작업에 대한 명세로서 데이터베이스를 조작하는 기본 도구에 해당한다.
(2)은 데이터 모델의 구성 요소 중 데이터베이스에 표현될 대상으로서의 개체 타입과 개체 타입들 간의 관계에 해당한다.
논리적으로 표현된 (2)와 허용될 수 있는 (1)에서의 제약조건에 대한 명세를 기술한 것이다.",
IPC,,2021년 1회,IT 용어,응용 SW 기초 기술 활용,"‘프로세스 간 통신’이라고도 하며, 세마포어, 소켓 등 프로세스 간 메시지 전달이나 공유 메모리 기법을 통해 자원이나 데이터를 서로 주고받는 행위 또는 그에 대한 방법이나 경로를 의미하는 용어를 쓰시오.",
RARP,,2021년 1회,프로토콜,응용 SW 기초 기술 활용,TCP/IP의 인터넷 계층의 프로토콜로 호스트의 물리 주소를 통하여 논리 주소인 IP 주소를 얻어 오기 위해 사용되는 프로토콜을 무엇이라 하는지 쓰시오.,
세션 하이재킹,Session Hijacking,2021년 1회,보안,정보처리 실무 일반(기타),"( )은 ‘세션 가로채기’라고도 하며, 두 시스템 간의 정상적 연결이 활성화된 상태, 즉 로그인된 상태를 가로채는 것이다. RST(Reset)패킷을 통해 일시적으로 TCP세션을 끊고 시퀀스 넘버를 종료시킨 후 서버와 클라이언트에 각각 잘못된 시퀀스 번호를 위조해서 연결된 세션에 잠시 혼란을 준 뒤 자신이 끼어들어가는 방식을 사용하는 능동적 공격 기법이다.
TCP ( )은 TCP 세션을 훔쳐서 서버에게 새로운 시퀀스 넘버를 보내서 마치 클라이언트 인척하며 연결을 이어나가 인증을 회피하는 공격으로 서버가 세션과 클라이언트의 유효성을 검사하지 않아 발생하게 된다. Telnet, FTP 등 TCP를 사용한 모든 세션의 갈취가 가능하다.",
행위,,2021년 2회,디자인 패턴,요구사항 확인,"GoF(Gang of Four) 디자인 패턴은 에릭 감마(Eric Gamma), 리처드 헬름(Richard Helm), 랄프(Ralph Johnson), 존 브리시데스 (John Vlissides)가 제안하였다.
객체 지향 설계 단계 중 재사용에 관한 유용한 설계를 디자인 패턴화하였다.
생성 패턴, 구조 패턴, ( ) 패턴으로 분류한다. ( )는 반복적으로 사용되는 객체들의 상호작용을 패턴화한 것으로, 클래스나 객체들이 상호작용하는 방법과 책임을 분산하는 방법을 정의한다. ( ) 패턴에는 Command, Interpreter, Iterator, Mediator, Memento, Observe 등이 있다.",
제 2 정규형,,2021년 2회,데이터베이스,데이터 입출력 구현,부분 함수종속이 발생하게 되면 제 ( ) 정규형을 만족하지 못하게 되므로 릴레이션을 분해하여 이를 해결하여야 한다. 제 ( ) 정규형이란 모든 도메인이 원자값인 릴레이션이 완전 함수적 종속성을 만족하는 상태를 말한다.,
"절차, 교환, 기능",,2021년 2회,모듈,서버프로그램 구현,"(1)적 응집도, 모듈이 다수의 관련 기능을 가질 때 모듈 내부의 기능 요소들이 그 기능을 순차적으로 수행할 경우
(2)적 응집도, 동일한 입력과 출력을 사용하는 소작업들이 모인 경우
(3)적 응집도, 모듈 내부의 모든 기능 요소들이 한 문제와 연관되어 수행되는 경우",
"UI, UX",,2021년 2회,UI 설계 원칙,화면 설계,"(1)은 인간과 디지털 기기 소프트웨어 사이에서 의사소통할 수 있도록 만들어진 매개체를 의미한다. (1)의 종류로는 GUI, CLI, NUI, MUI등이 있다.
(2)은 사용자가 제품을 대상으로 직/간접적으로 사용하면서 느끼고 생각하게 되는 지각과 반응, 행동 등 모든 경험을 의미한다. (1)은 사람과 시스템 간의 상호작용을 의미하지만, (2)는 제품과 서비스, 회사와 상호작용을 통한 전체적인 느낌이나 경험을 말한다.",
"구문, 결정, 조건",,2021년 2회,테스트 기법,애플리케이션 테스트 관리,"(1) 커버리지, 코드 구조 내의 모든 문장에 대해 한 번 이상 수행하는 테스트 커버리지
(2) 커버리지, 결정 포인트 내의 모든 분기문에 대해 수행하는 테스트 커버리지
(3) 커버리지, 결정 포인트 내의 모든 개별 조건식에 대해 수행하는 테스트 커버리지",
스텁,,2021년 2회,테스트 기법,애플리케이션 테스트 관리,테스트 하네스 도구 구성요소 중 하향식 테스트 시 상위 모듈은 존재하나 하위 모듈이 없는 경우의 테스트를 위해 임시 제공되는 모듈로 골격만 있는 또는 특별한 목적의 소프트웨어 컴포넌트를 구현한 것을 의미하는 용어를 쓰시오.,
AES,,2021년 2회,보안,소프트웨어 개발 보안 구축,"평문의 길이와 동일한 스트림(Stream)을 생성하여 비트 단위로 암호화하며 DES를 대신하여 새로운 표준이 된 블록 크기는 128bit이고, 키 길이는 128/192/256bit인 SPN(Substitution-Permutation Network) 구조의 비밀키 암호화 기법을 의미하는 용어를 쓰시오.",
원자성,,2021년 2회,트랜잭션,응용 SW 기초 기술 활용,"데이터베이스에서 트랜잭션의 특징인 ACID중 이 개념은 무엇인가?

하나의 트랜잭션이 완료될 떄, 처리가 완료되거나 그 이전의 상태여야 한다.
( )은 트랜잭션 연산은 완전하게 수행이 완료되지 않으면 전혀 수행되지 않아야 한다는 개념이다.
트랜잭션 연산 시 Commit, Rollback을 이용하여 적용 또는 취소로 한꺼번에 완료되어야 하는 성질이다.",
로킹,,2021년 2회,트랜잭션,응용 SW 기초 기술 활용,하나의 트랜잭션이 데이터를 액세스하는 동안 다른 트랜잭션이 그 데이터 항목을 엑세스할 수 없도록 하는 방법을 무엇이라 하는지 쓰시오.,
"가상회선 방식, 데이터그램 방식",,2021년 2회,패킷 교환 방식,응용 SW 기초 기술 활용,"패킷 교환 방식(Packet Switching)은 패킷 교환망에서 메시지를 일정한 길이의 전송 단위인 패킷으로 나누어 전송하는 방식이다. 패킷 교환은 저장-전달 방식을 사용한다.
패킷교환의 방식으로는 연결형인 (1)과 비연결형인 (2)의 두 가지 방식으로 구분 된다.
(1)은 패킷이 전송되기 전에 논리적인 연결 설정이 이루어져야 한다.
(1)은 모든 패킷이 동일한 경로로 전달되므로 항상 보내어진 순서대로 도착이 보장된다.
(2)은 연결형 서비스 방식으로 패킷을 전송하기 전에 미리 경로를 설정해야 한다.
(2)은 일정 크기의 데이터 단위(packet)로 나누어 특정 경로의 설정 없이 전송되는 방식이며, 각 패킷마다 목적지로 가기 위한 경로배정이 독립적으로 이루어진다.",
애드혹 네트워크,,2021년 2회,IT 용어,정보처리 실무 일반(기타),"무선 기반의 이동단말기 간의 연결망의 일종으로서, 라우터 장비가 따로 없고 이동단말기 중 일부가 라우터 역할을 담당하는 네트워크이다.
동적으로 경로를 설정할 수 있기 때문에 ‘기반구조 없는 네트워크’라고도 한다. 험난한 지형 위험한 장소에서의 네트워크구성을 하는데 유용하다. 이동 단말기에 센서 기능을 부가할 경우 USN(Ubiquitous Sensor Network)으로 발전한다.",
"Funtional, Dynamic, Information",,2021년 2회,데이터 모델링,정보처리 실무 일반(기타),"(1) Modeling, 럼바우의 객체지향 분석 모델로 프로세스들의 자료 흐름을 중심으로 처리 과정을 자료 흐름도(DFD, Data Flow Diagram)로 만드는 과정이다.
(2) Modeling, 럼바우의 객체지향 분석 모델로 시간의 흐름에 따라 객체들 간의 제어 흐름, 동작 순서 등의 동적인 행위를 상태 변화도(STD, State Diagram)로 만드는 과정이다.
(3) Modeling, 개념적 모델링(Conceptual Modeling)이라고도 하며 개체와 개체들 간의 관계에서 ER 다이어그램(ERD)을 만드는 과정이다.",
Aggregation 관계,집합/응집,2021년 3회,객체 지향,요구사항 확인,"(1)은 컴퓨터 시스템과 같이 하나의 객체가 다른 객체들의 조합에 의해 만들어진 경우이다.
A 객체가 B 객체에 포함된 관계이며 전체 개념의 클래스로부터 구성요소를 찾을 수 있다.
’부분’을 나타내는 객체를 다른 객체와 공유할 수 있다.
UML에서는 ‘전체’ 클래스 방향에 빈 마름모로 표시하고, Or 관계에 놓이면 선 사이를 점선으로 잇고 {or}를 표시한다.",
 Generalization 관계,일반화/상속,2021년 3회,객체 지향,요구사항 확인,"객체 지향에서 상속 관계(Is A Kind Of)를 표현한다.
일반적 개념의 클래스와 구체적 클래스의 관계이다.
한 클래스가 다른 클래스를 포함하는 상위 개념일 때 사용한다.",
클래스 다이어그램,,2021년 3회,다이어그램,요구사항 확인,"( ) 다이어그램은 시스템을 구성하는 객체 간의 관계를 추상화한 모델을 논리적 구조로 표현한다. ( ) 다이어그램은 클래스, 속성, 오퍼레이션, 연관 관계를 이용하여 시스템을 정적인 관점으로 나타낸 것이다. ( ) 다이어그램을 통해 해당 시스템에서 사용되는 데이터를 발견할 수 있다.",
Factory Method,,2021년 3회,디자인 패턴,요구사항 확인,"객체 생성만을 전문으로 하는 서브 클래스를 정의하고, 해당 객체에서 어떤 객체를 만들지 결정하여 반환하는 메소드를 사용하여 필요한 객체를 생성하는 생성 패턴은 무엇인가?",
인덱스,,2021년 3회,파일 구조,데이터 입출력 구현,"파일 구조에는 순차, ( ), 해싱이 있다.
순차 접근 방법은 레코드가 저장되어 있는 물리적 순차를 따른다. 즉, 레코드의 물리적 순서와 논리적 순서가 같게 순차적으로 저장하는 방법이다.
( ) 접근 방법은 레코드 접근을 위해 해당 ( )을 찾아, 그 ( )가 가리키는 주소를 따라가서 레코드에 접근할 수 있도록 데이터를 저장하는 데이터 접근 방식이다. ( )은 <값, 주소>의 자료구조로 구성되어 있다.
해싱 접근 방법을 이용하는 파일 구조는 ( )구조에 의존할 필요 없이 원하는 레코드에 대한 디스크 블록 주소를 레코드의 탐색 값에 대한 함수 계산을 통해 직접 얻을 수 있다.",
Control Coupling,,2021년 3회,모듈,서버프로그램 구현,"어떤 모듈이 다른 모듈의 내부 논리 조작을 제어하기 위한 목적으로 제어신호를 이용하여 통신하는 경우이며, 하위 모듈에서 상위 모듈로 제어신호가 이동하여 상위 모듈에게 처리 명령을 부여하는 권리 전도현상이 발생하게 되는 결합도를 무엇이라 하는지 영문으로 쓰시오.",
GUI,,2021년 3회,인터페이스,화면 설계,윈도우즈나 매킨토시 등에서 사용자가 마우스나 키보드로 아이콘이나 메뉴를 선택하여 원하는 작업을 수행하는 사용자 인터페이스를 의미하는 용어를 쓰시오.,
Cause Effect Graph,,2021년 3회,테스트 기법,애플리케이션 테스트 관리,요구 명세서를 입력 조건과 출력 조건 간의 논리적 관계로 표현하여 여러 입력 데이터 간의 관계와 출력에 미치는 상황을 체계적으로 분석한 테스트 케이스를 도출하는 입력 환경의 복합성을 고려한 블랙박스 테스트 기법이 무엇인지 쓰시오.,
"상향식 통합, 드라이버",,2021년 3회,테스트 기법,애플리케이션 테스트 관리,점진적 통합 테스트 중 (1) 테스트는 가장 아래에 있는 모듈부터 테스트를 시작한다. (1) 테스트에서는 상위 모듈의 역할을 하는 (2)이 필요하다. (2)는 하위 모듈을 순서에 맞게 호출하고 호출시 필요한 매개변수를 제공하며 결과를 전달하는 역할을 한다.,
DES,,2021년 3회,보안,소프트웨어 개발 보안 구축,1970년대 IBM이 개발한 대칭키 암호화 알고리즘으로 평문을 64bit로 블록화하고 실제 키의 길이는 56bit를 이용한 16라운드 Feistel 구조의 전사 공격(Brute-Force Attack)에 취약한 비밀키 암호화 기법을 의미하는 용어를 쓰시오.,
ARP 스푸핑,,2021년 3회,보안,소프트웨어 개발 보안 구축,"( )공격은 동일 네트워크에 존재하는 공격 대상 PC의 IP 주소를 공격자 자신의 랜카드 (MAC) 주소와 연결해 다른 PC에 전달되어야 하는 정보를 가로채는 공격을 말한다.
어떤 PC에 ( ) 기능을 가진 악성코드가 설치되면 약간의 조작으로 동일 구역 내의 다른 PC에 쉽게 악성코드를 설치할 수 있다. 즉, 동일 네트워크 하의 PC가 외부 네트워크로 접속을 시도할 경우, 악성코드에 감염된 PC를 경유해서 접속함으로써 해당 악성코드에 자동으로 감염되게 되는 것이다. 또한 동일 네트워크 하의 모든 PC가 감염된 PC를 게이트웨이로 인식해 외부 네트워크와 통신하기 위해 발생하는 모든 패킷을 해당 PC에 전송하므로 네트워크 속도가 크게 느려진다. ",
GRANT,,2021년 3회,데이터베이스,응용 SW 기초 기술 활용,데이터제어어(DCL) 중 ( ) 명령어는 관리자가 사용자에게 데이터베이스에 대한 권한을 부여하기 위한 명령어이다.,
"데이터링크, 네트워크, 프레젠테이션",,2021년 3회,OSI 7,응용 SW 기초 기술 활용,"(1) 계층, 내부 네트워크상에서 두 노드 간을 직접 연결하는 링크 상의 흐름 제어, 에러 제어
현재 노드와 다음에 접근할 노드의 물리적 주소를 포함하여 프레임(Frame)을 구성
표준 프로토콜 : HDLC, LLC, LAPB, LAPD, ADCCP
(2) 계층, 논리 주소 지정, 패킷(Packet)의 최적의 경로를 설정 및 네트워크 연결 관리
표준 프로토콜 : X.25, IP
(3) 계층, 코드 변환, 암호화 및 복호화, 압축, 구문 검색",
"인증(Authentication), 인가(Authorization), 과금(Accounting)",,2021년 3회,IT 용어,정보처리 실무 일반(기타),"(1), 사용자가 시스템에 접근을 허용하기 전에 가입자 신분을 확인
(2), 사용자가 시스템 자원에 대한 접근 권한 유무를 판별 후 접근 허가를 결정
(3), 사용 시간, 정보, 위치 등 정보 수집 등 시스템 자원 사용의 정보를 수집하고 관리",
NUI,,2022년 1회,인터페이스,화면 설계,"터치, 증강현실, 상황 인식 등 사람의 감각 행동 인지를 통하여 원하는 작업을 수행하는 사용자 인터페이스를 의미하는 용어를 쓰시오.",
"Static, Dynamic",,2022년 1회,테스트 기법,애플리케이션 테스트 관리,"(1) 분석, 원시 코드를 분석하여 잠재적인 오류를 분석하며, 코딩 표준, 런타임 오류 등을 검증한다.
결함 예방/발견, 코딩 표준, 코드 복잡도 등을 분석하는 것이 가능하다.
(2) 분석, 프로그램 수행 중 발생하는 오류를 검출(Avalanche, Valgrind 등)한다.
메모리 릭(Leak), 동기화 오류 등을 분석하는 것이 가능하다.",
JUnit,,2022년 1회,프레임워크,애플리케이션 테스트 관리,"디자인 패턴 책의 저자인 Erich Gamma와 TDD의 창시자인 Kent Beck가 작성한 인터페이스 구현 검증을 위한 오픈 소스 프레임워크이다.
JAVA 언어를 지원하는 xUnit이라는 이름의 단위 테스트 프레임워크이다.
Annotation(@)으로 간결하게 사용 가능하며 하나의 jar 파일로 되어 있다.",
TKIP,,2022년 1회,프로토콜,소프트웨어 개발 보안 구축,"무선 라우터에서 WEP 암호화를 대체하기 위해 만들어진 보안 프로토콜로 최적의 보안을 위해서는 AES를 사용하게 되어있지만, 일부 장치와의 호환성을 위해 사용하는 임시 키 무결성 프로토콜을 의미하는 용어를 영문 약어로 쓰시오.",
"REDO, UNDO",,2022년 1회,데이터베이스,응용 SW 기초 기술 활용,"(1), 트랜잭션이 수행되어 COMMIT이 되면 변경된 내용을 데이터베이스에 반영한다. 이때 로그(Log)의 내용을 토대로 재수행하여 변경된 내용으로 데이터베이스에 반영하는 과정
(2), 트랜잭션이 수행되는 도중 오류가 발생하거나 비정상적으로 종료되는 경우 트랜잭션이 시작된 시점으로 되돌아가 수행 연산을 취소하는 과정",
삭제 이상,,2022년 1회,데이터베이스,응용 SW 기초 기술 활용,이상(Anomaly) 현상 중 튜플 삭제 시 의도와는 상관없이 관련 없는 데이터가 같이 연쇄 삭제(Triggered Deletion)되어 정보의 손실이 발생하는 현상은?,
"슈퍼키, 후보키",,2022년 1회,데이터베이스,응용 SW 기초 기술 활용,"(1)은 한 릴레이션 내의 속성들의 집합으로 릴레이션을 구성하는 모든 튜플에 대한 유일성은 만족시키지만 최소성은 만족시키지 못한다.
(2)는 릴레이션에서 튜플을 유일하게 구별해주는 속성 또는 속성들의 조합으로 (1)과 (2)를 모두 만족하는 속성 또는 속성들의 집합이다.",
RAID-0,,2022년 1회,IT 용어,정보처리 실무 일반(기타),서버(Server)에서 구성 가능한 디스크 어레이 구축 방식 중 스트라이핑을 지원하지만 장애 복구 능력이 없기 때문에 데이터 손실의 위험을 감수하더라도 빠른 입출력이 가능하도록 여러 드라이브에 분산 저장하여 고성능을 추구하기 위해 디스크를 병렬로 배치하는 방식의 RAID 레벨(Level)을 쓰시오.,
ISMS,,2022년 1회,IT 용어,정보처리 실무 일반(기타),"‘정보보호 관리체계’를 의미하는 용어로, 기업(조직)이 각종 위협으로부터 주요 정보 자산을 보호하기 위해 수립, 관리, 운영하는 종합적인 체계의 적합성에 대해 인증을 부여하는 제도이다.
기업이 정보보호 활동을 지속적, 체계적으로 수행하기 위해 필요한 보호조치를 체계적으로 구축하였는지를 점검하여 일정 수준 이상의 기업에 인증을 부여하는 제도로 한국인터넷진흥원에서 시행중인 제도이다.
수행 절차는 정책 수립 및 범위설정 - 경영조직 - 위험관리 - 구현 - 사후관리 순으로 진행된다.",
Watering Hole,,2022년 1회,보안,정보처리 실무 일반(기타),"표적형 공격으로 사요자가 평소와 같이 이용하던 합법적인 웹사이트를 미리 악성 코드로 감염시킨 후, 해당 사이트를 방문하면 악성 코드를 감염시켜 공격하는 방법을 쓰시오.",
ISP,인터페이스 분리 원칙,2022년 2회,객체 지향,요구사항 확인,"클라이언트는 자신이 사용하지 않는 메소드에 의존 관계를 맺으면 안된다는 원칙이다.
인터페이스를 클라이언트에 특화되도록 분리시켜 설계하는 원칙이다.
예를 들어 복합기 클래스의 모든 기능을 클라이언트가 동시에 사용하는 경우는 거의 없으므로 필요시 프린트, 팩스, 복사기 클라이언트 중 하나의 기능만 이용할 수 있도록 설계하는 경우이다.",
"완전, 부분, 이행","Full, Partial, Transitive",2022년 2회,데이터베이스,데이터 입출력 구현,"정규화(Normalization) 중 1NF는 한 릴레이션을 구성하는 모든 도메인이 원자값(Atomic Value)만으로 구성되도록 하는 정규형을 말한다. 2NF는 1NF에서 (2) Funtional Dependency로 인한 이상의 문제를 해결하기 위해 릴레이션을 분해한 정규형을 말한다. 2NF의 속성들 간에는 (1) Functional Dependency 관계가 성립하게 된다.

3NF는 (3) Functional Dependency 관계가 성립하지 않도록 하는 것이다. (3) Functional Dependency란 간접적인 함수 종속관계를 의미한다. 즉, 예를 들어 속성 A가 속성 B를 결정하고, 속성 B는 속성 C를 결정하는 경우, A → C가 성립한다. 아울러 3NF에서는 결정자이면서 후보키가 아닌 것이 존재함에 따라 이상 현상이 발생할 수도 있다. 결정자이면서 모두 후보키이면, 릴레이션 R은 BCNF에 속한다.",
"알파, 베타",,2022년 2회,테스트 기법,애플리케이션 테스트 관리,"(1) 테스트, 개발사 내에서 진행하는 테스트이다.
개발자 관점에서 수행된다.
개발자는 사용상의 문제를 기록하여 반영되도록 하는 테스트이다.
(2) 테스트, 선정된 다수의 사용자가 자신들의 사용 환경에서 일정 기간 사용하면서 테스트한다.
문제점이나 개선 사항 등을 기록하고 개발 조직에 통보하여 반영되도록 하는 테스트이다.",
회귀,Regression,2022년 2회,테스트 기법,애플리케이션 테스트 관리,"소프트웨어의 변경 또는 수정된 코드에 새로운 결함이 없음을 확인하는 테스트이다.
오류를 제거한 수정 및 변경 모듈에 대한 확정 테스트가 끝나면 새로운 오류가 확인을 위해 이미 테스트했던 부분을 다시 실행해보는 일종의 반복 테스트이다.
한 모듈의 수정이 다른 부분에 미치는 영향을 최소화하기 위해 필요한 테스트이다.",
IDEA,,2022년 2회,보안,소프트웨어 개발 보안 구축,"1990년에 Lai와 Massey가 제안한 PES가 1991년 IPES로 개선된 이후, 1992년 (1)로 개명된 DES를 대체하기 위해서 스위스에서 개발한 알고리즘이다.
상이한 대수 그룹으로부터의 세 가지 연산을 혼합하는 방식이다.
PGP(Pretty Good Privacy)의 데이터 암호 알고리즘으로 채택되어 사용자가 많다.
128비트의 키로 64비트 평문을 8라운드를 거쳐 64비트의 암호문을 생성한다.",
Skipjack,,2022년 2회,보안,소프트웨어 개발 보안 구축,"미국 NSA(National Security Agency)가 제안한 블록 암호화 알고리즘이다.
소프트웨어로 구현되는 것을 막고자 Fortezza Card에 칩 형태로 구현하였다.
Clipper 칩에 내장되는 블록 암호화 알고리즘이다.
64 비트의 입출력, 80 비트의 키, 32 라운드를 가지며, 주로 전화기와 같은 음성을 암호화하는데 사용된다.",
VPN,,2022년 2회,보안,소프트웨어 개발 보안 구축,"( )은 인터넷과 같이 공개된 통신기반 시설을 사용하여 멀리 떨어진 사무실이나 개인 사용자에게 그들이 속한 조직의 네트워크를 안전하게 접근할 수 있도록 제공해주는 네트워크를 말한다. 한 개의 조직만이 전용할 수 있도록 구입하거나 대여받은 값비싼 시스템과 비견 될 수 있다.
( )은 공중망에서 가상의 사설망을 구현하는 기술로 IPsec과 SSL( )이 대표 기술이다. 보안 소켓 계층기반의 가상 사설망인 SSL ( ) 은 인터넷으로 내부 시스템 자원을 안전하게 사용할 수 있어 구축이 간편하고 비용이 적게 드는 반면 인터넷 보안 프로토콜을 이용하는 IPsec은 센터와 지점 모두 별도의 하드웨어 장비가 필요하다.",
관계해석,,2022년 2회,데이터베이스,응용 SW 기초 기술 활용,"( )은 관계 데이터 모델의 제안자인 코드(Codd)가 관계 데이터베이스에 적용할 수 있도록 설계하여 제안하였다.
원하는 정보와 그 정보를 어떻게 유도하는가를 기술하는 비절차적인 언어이다.
수학의 프레디킷 해석(Predicate Calculus)에 기반을 두고 있다.
튜플 ( )와 도메인 ( )가 있다.",
"IGP, EGP",,2022년 2회,프로토콜,응용 SW 기초 기술 활용,"자치 시스템(AS: Autonomous System)은 인터넷상에서 관리적 측면에서 한 단체에 속하여 고나리되고 제어됨으로써, 동일한 라우팅 정책을 사용하는 네트워크 또는 네트워크 그룹을 말한다. 라우팅 도메인으로도 불리며, 전 세계적으로 유일한 자치 시스템번호, AN(Autonomous System Number)을 부여받는다. AS 번호에 따라 (1)과 (2)로 구분한다. 동일한 AS 번호를 사용하는 라우팅 프로토콜을 (1)이라 하며, 다른 AS 번호가 사용되는 라우팅 프로토콜을 (2)라 한다.",
OSPF,,2022년 2회,프로토콜,응용 SW 기초 기술 활용,"한 자치 시스템 내에서의 IP 네트워크는 라우팅 정보를 교환하기 위해 내부 라우팅 프로토콜인 IGP를 사용한다. IGP 의 대표적인 프로토콜로는 RIP와 ( )가 있으며, RIP는 경유하는 라우터의 대수(hop의 수량)에 따라 최단 경로를 동적으로 결정하는 거리 벡터(Distance Vector) 알고리즘을 사용한다. ( )은 링크 상태(Link-State) 라우팅 프로토콜로 IP 패킷에서 프로토콜 번호 89번을 사용하여 라우팅 정보를 전송하여 안정되고 다양한 기능으로 가장 많이 사용되는 IGP이다.",
BGP,,2022년 2회,프로토콜,응용 SW 기초 기술 활용,"타 자치 시스템과의 라우팅 정보 교환을 위해서는 외부 라우팅 프로토콜인 EGP를 사용한다. 연구기관이나 국가기간, 대학, 기업 간, 즉 도메인(게이트웨이) 간에 라우팅 정보를 교환한다. EGP의 대표적인 프로토콜인 ( )은 자치 시스템간의 라우팅 테이블을 전달하는데 주로 이용이 되며, 초기에 연결될 때에는 전체 경로 테이블의 내용을 교환하고, 이후에는 변화된 정보만을 교환한다.",
"HTTP, Hypertext, HTML",,2022년 2회,IT 용어,정보처리 실무 일반(기타),"(1)은 TCP/IP 관련 프로토콜 중 (2)를 전송을 위한 프로토콜로 인터넷상의 서버와 클라이언트 사이의 멀티미디어를 송수신하기 위한 프로토콜이다. (1)은 월드 와이드 웹을 위한 데이터 통신의 기초이다.
(2)에서 다른 문서 간의 연결을 링크(Link)라고 한다. 링크를 이용하면 하나의 문서를 보다가 내용 중의 특정 부분과 관련된 다른 부분을 쉽게 참조할 수 있다.
(3)은 웹 브라우저에 표시될 수 있는 웹 페이지와 기타 정보들을 보여주기 위한 주요 마크업 언어이다.",
